<?xml version="1.0" encoding="UTF-8" standalone="yes"?>
<Translation xmlns:xsi="http://www.w3.org/2001/XMLSchema-instance">
	<Msg LN="EN" GR="UserAgreement">
		<Id>Statement1</Id>
		<Val>Samsung provides customer with better user experiences by offering enhanced troubleshooting and product improvement based on printer information of customer.</Val>
	</Msg>
	<Msg LN="KR" GR="UserAgreement">
		<Id>Statement1</Id>
		<Val>삼성은 고객의 프린터 정보에 기반하여 향상된 문제 해결 및 개선된 제품 기능을 서비스하여 고객에게 보다 나은 사용자 경험을 제공합니다.</Val>
	</Msg>
	<Msg LN="DN" GR="UserAgreement">
		<Id>Statement1</Id>
		<Val>Samsung giver kunden en bedre brugeroplevelse ved at tilbyde udvidet fejlfinding og produktforbedringer på baggrund af kundens oplysninger om brug af printeren.</Val>
	</Msg>
	<Msg LN="DT" GR="UserAgreement">
		<Id>Statement1</Id>
		<Val>Samsung biedt de klant betere gebruikservaring door, op basis van de printerinformatie van de klant, betere probleemoplossingen en productverbeteringen aan te bieden.</Val>
	</Msg>
	<Msg LN="FI" GR="UserAgreement">
		<Id>Statement1</Id>
		<Val>Samsung parantaa asiakkaan käyttöelämystä parantamalla vianmääritystä ja tuotekehitystä asiakkaan tulostimen tietojen perusteella.</Val>
	</Msg>
	<Msg LN="FN" GR="UserAgreement">
		<Id>Statement1</Id>
		<Val>Samsung permet à ses clients de mieux exploiter leur matériel, en leur proposant un système de dépannage optimisé et une amélioration des produits, basés sur les informations d’imprimante fournies par les clients.</Val>
	</Msg>
	<Msg LN="GR" GR="UserAgreement">
		<Id>Statement1</Id>
		<Val>Samsung bietet seinen Kunden eine höhere Benutzerfreundlichkeit an, da aufgrund der Druckerinformationen des Kunden Problembehebungen und Produktverbesserungen bereitgestellt werden können.</Val>
	</Msg>
	<Msg LN="IT" GR="UserAgreement">
		<Id>Statement1</Id>
		<Val>Samsung fornisce ai clienti una miglior esperienza utente offrendo procedure di risoluzione dei problemi avanzate e miglioramenti dei prodotti basati sulle informazioni della stampante del cliente.</Val>
	</Msg>
	<Msg LN="NR" GR="UserAgreement">
		<Id>Statement1</Id>
		<Val>Samsung gir kunden en bedre brukeropplevelse ved å tilby forbedret problemløsning og produktytelse basert på kundens skriverinformasjon.</Val>
	</Msg>
	<Msg LN="SP" GR="UserAgreement">
		<Id>Statement1</Id>
		<Val>Samsung proporciona al cliente mejores experiencias de usuario mediante mejoras en la solución de problemas y en el producto basadas en la información de la impresora del cliente.</Val>
	</Msg>
	<Msg LN="SW" GR="UserAgreement">
		<Id>Statement1</Id>
		<Val>Samsung ger kunderna en bättre upplevelse genom att erbjuda förbättrad felsökning och produktförbättring baserat på kundens skrivarinformation.</Val>
	</Msg>
	<Msg LN="CZ" GR="UserAgreement">
		<Id>Statement1</Id>
		<Val>Společnost Samsung poskytuje zákazníkům rozšířenou funkci odstraňování potíží a zlepšování produktu pomocí informací od zkušenějších uživatelů na základě údajů o tiskárně poskytnutých zákazníky.</Val>
	</Msg>
	<Msg LN="HU" GR="UserAgreement">
		<Id>Statement1</Id>
		<Val>A Samsung jobb felhasználói élményt biztosít az ügyfél nyomtatójának adatai alapján továbbfejlesztett hibaelhárítási szolgáltatása és termékei tökéletesítése révén.</Val>
	</Msg>
	<Msg LN="PO" GR="UserAgreement">
		<Id>Statement1</Id>
		<Val>Firma Samsung dąży do poprawy sposobu obsługi urządzeń dzięki zoptymalizowanym procedurom rozwiązywania problemów i ulepszeniom produktów na podstawie informacji dotyczących drukarki otrzymanych od klientów.</Val>
	</Msg>
	<Msg LN="AB" GR="UserAgreement">
		<Id>Statement1</Id>
		<Val>تزود Samsung العميل بخبرات أفضل للمستخدم من خلال توفير طريقة محسّنة لاستكشاف الأخطاء وإصلاحها وتحسين المنتج بناءً على معلومات الطابعة الخاصة بالمستخدم.</Val>
	</Msg>
	<Msg LN="BP" GR="UserAgreement">
		<Id>Statement1</Id>
		<Val>A Samsung oferece aos clientes uma melhor experiência do usuário ao disponibilizar solução de problemas aprimorada e melhorias nos produtos com base nas informações das impressoras fornecidas pelos clientes.</Val>
	</Msg>
	<Msg LN="PT" GR="UserAgreement">
		<Id>Statement1</Id>
		<Val>A fornece aos clientes experiências de utilização optimizadas graças à capacidade avançada de resolução de problemas e optimizações dos produtos com base nos dados da impressora do cliente.</Val>
	</Msg>
	<Msg LN="CP" GR="UserAgreement">
		<Id>Statement1</Id>
		<Val>Samsung 根据客户的打印机信息提供增强的故障排除和产品改进，为客户提供更好的用户体验。</Val>
	</Msg>
	<Msg LN="CT" GR="UserAgreement">
		<Id>Statement1</Id>
		<Val>Samsung 根據客戶的印表機資訊提供增強的故障排除和產品改進，為客戶提供更好的使用者體驗。</Val>
	</Msg>
	<Msg LN="EL" GR="UserAgreement">
		<Id>Statement1</Id>
		<Val>Η Samsung παρέχει στον πελάτη μια καλύτερη εμπειρία χρήστη προσφέροντας αναβαθμισμένη αντιμετώπιση προβλημάτων και βελτίωση προϊόντος βασιζόμενη στις πληροφορίες εκτυπωτή του πελάτη.</Val>
	</Msg>
	<Msg LN="HB" GR="UserAgreement">
		<Id>Statement1</Id>
		<Val>Samsung‏ מעניקה ללקוחותיה חוויות משתמש טובות יותר בכך שהיא מציעה פתרון בעיות משופר וממטבת את המוצר בהתבסס על מידע המדפסת של הלקוח.</Val>
	</Msg>
	<Msg LN="RU" GR="UserAgreement">
		<Id>Statement1</Id>
		<Val>Компания Samsung обеспечивает исчерпывающую поддержку клиентов с помощью усовершенствованной процедуры устранения неисправностей и улучшения характеристик изделий на основе данных об их использовании.</Val>
	</Msg>
	<Msg LN="TK" GR="UserAgreement">
		<Id>Statement1</Id>
		<Val>Samsung, kullanıcının yazıcı bilgilerine dayanarak sunduğu gelişmiş sorun giderme ve ürün iyileştirme olanağı sayesinde daha iyi kullanım deneyimi sağlar.</Val>
	</Msg>
	<Msg LN="EN" GR="UserAgreement">
		<Id>Statement2</Id>
		<Val>For example, new troubleshooting system or live update system for Samsung printer can help you to fix their troubles with printers or to improve performance of product more easily. To do this, Samsung software will send printer status or other printer related information to web services for system and then you can join these enhanced features. </Val>
	</Msg>
	<Msg LN="KR" GR="UserAgreement">
		<Id>Statement2</Id>
		<Val>예를 들어, 삼성 프린터용 새 문제 해결 시스템 또는 라이브 업데이트 시스템은 프린터의 문제를 해결하거나 제품의 성능을 더 쉽게 향상시킬 수 있도록 지원합니다. 이를 위해 삼성 소프트웨어는 프린터 상태 또는 기타 프린터 관련 정보를 시스템용 웹 서비스로 전송하고, 사용자는 이러한 고급 기능을 경험할 수 있습니다. </Val>
	</Msg>
	<Msg LN="DN" GR="UserAgreement">
		<Id>Statement2</Id>
		<Val>Du kan også hjælpe Samsung med at forbedre kvaliteten af deres produkter og tjenester ved at tilmelde dig et program, der indsamler oplysninger om printerbrug og analyserer den måde, produktet anvendes på. Samsung indsamler oplysninger fra din printer for at bruge dem i forbindelse med kommende opdateringer af driveren og som en hjælp til forbedring af printerprodukterne.</Val>
	</Msg>
	<Msg LN="DT" GR="UserAgreement">
		<Id>Statement2</Id>
		<Val>Ook kunt u Samsung helpen de kwaliteit van haar product- en serviceaanbiedingen te verbeteren door aan het verzamelprogramma voor gebruiksinformatie van de printer en de analyse voor gebruikseigenschappen van het product deel te nemen. Samsung verzamelt informatie van uw printer om, indien nodig, het stuurprogramma bij te werken en te helpen onze printerproducten te.</Val>
	</Msg>
	<Msg LN="FI" GR="UserAgreement">
		<Id>Statement2</Id>
		<Val>Voit auttaa Samsung parantamaan tuotteidensa ja palveluidensa laatua osallistumalla tulostimen käyttötietojen keräysohjelmaan, jonka tavoitteena on kerätä tulostimen käyttötiedot ja analysoida laitteen käyttötapaa. Samsung kerää tulostimesta tietoja päivittääkseen ohjaimen tarpeen mukaan ja parantaakseen tulostintuotteiden laatua.</Val>
	</Msg>
	<Msg LN="FN" GR="UserAgreement">
		<Id>Statement2</Id>
		<Val>Vous pouvez également aider Samsung à améliorer la qualité de ses offres de produits et de services, en participant au programme de collecte d’informations sur l’utilisation des imprimantes. Ce programme recueille des informations concernant l’utilisation des imprimantes et analyse les caractéristiques d’utilisation du produit. Samsung recueille des informations à partir de votre imprimante, afin de mettre à jour le pilote (si nécessaire) et vous permettre d’améliorer vos imprimantes.</Val>
	</Msg>
	<Msg LN="GR" GR="UserAgreement">
		<Id>Statement2</Id>
		<Val>Sie können Samsung dabei helfen, die Qualität der Produkte und Dienstangebote zu verbessern, indem Sie dem Programm zur Erfassung von Druckernutzungsinformationen beitreten. Dieses Programm erfasst Druckernutzungsinformationen und analysiert die Nutzungsmerkmale des Produkts. Samsung sammelt Informationen über Ihren Drucker, um den Treiber im Bedarfsfall zu aktualisieren und zur Verbesserung der Samsung-Drucker beizutragen.</Val>
	</Msg>
	<Msg LN="IT" GR="UserAgreement">
		<Id>Statement2</Id>
		<Val>Gli utenti possono inoltre aiutare Samsung a migliorare la qualità dei prodotti e dei servizi offerti partecipando al programma di raccolta di informazioni sull'utilizzo della stampante che raccoglie informazioni sull'utilizzo della stampante e analizza le caratteristiche di utilizzo del prodotto. Samsung raccoglie informazioni dalla stampante per aggiornare il driver quando necessario e per contribuire al miglioramento dei propri prodotti.</Val>
	</Msg>
	<Msg LN="NR" GR="UserAgreement">
		<Id>Statement2</Id>
		<Val>Også du kan hjelpe Samsung med å forbedre kvaliteten på selskapets produkt- og servicetilbud ved å bli med i programmet for innsamling av skriverbrukdata, som henter inn slik informasjon og analyserer produktets bruksmønstre. Samsung samler inn informasjon fra skriveren for å oppdatere driveren ved behov, og for å bidra til å forbedre skriverproduktene.</Val>
	</Msg>
	<Msg LN="SP" GR="UserAgreement">
		<Id>Statement2</Id>
		<Val>También puede ayudar a Samsung a mejorar la calidad de sus ofertas de productos y servicios uniéndose al programa de recopilación de información de uso de impresora que recopila información de uso de la impresora y analiza las características de uso del producto. Samsung recopila información de su impresora para actualizar el controlador cuando es necesario y para ayudar a mejorar nuestros productos de impresoras.</Val>
	</Msg>
	<Msg LN="SW" GR="UserAgreement">
		<Id>Statement2</Id>
		<Val>Du kan även hjälpa Samsung att förbättra kvaliteten på produkter och tjänster genom att gå med i insamlingsprogrammet för information om skrivaranvändning, som samlar in information om skrivaranvändning och analyserar hur produkten används. Samsung samlar in information från din dator för att uppdatera drivrutinen när detta behövs, och för att hjälpa till att förbättra våra skrivarprodukter.</Val>
	</Msg>
	<Msg LN="CZ" GR="UserAgreement">
		<Id>Statement2</Id>
		<Val>Společnosti Samsung můžete také pomocí zlepšit kvalitu jejích produktů a nabízených služeb účastí v programu shromažďování údajů o provozu tiskárny, jehož účelem je shromažďovat údaje o provozu a analyzovat charakteristiku používání produktu. Společnost Samsung shromažďuje údaje z vaší tiskárny, aby mohla v případě nutnosti provést aktualizaci ovladače, a pomohla vylepšit své produkty z oblasti tiskáren.</Val>
	</Msg>
	<Msg LN="HU" GR="UserAgreement">
		<Id>Statement2</Id>
		<Val>Emellett a Samsung segítségére lehet termékei és szolgáltatásai minőségének fejlesztésében, ha csatlakozik a nyomtatóhasználati adatgyűjtési programhoz, amelynek célja a nyomtató használatára vonatkozó adatok gyűjtése és a termékek használati jellemzőinek elemzése. A Samsung a gyűjtött nyomtatóadatokat az illesztőprogram esetleg szükséges frissítésére és nyomtatóinak fejlesztésére használja.</Val>
	</Msg>
	<Msg LN="PO" GR="UserAgreement">
		<Id>Statement2</Id>
		<Val>Użytkownicy mogą także pomagać firmie Samsung w polepszaniu jakości produktów oraz usług, biorąc udział w programie zbierania informacji o zastosowaniach drukarek. W ramach tego programu są gromadzone i analizowane informacje o zastosowaniach produktów. Firma Samsung zbiera te dane z drukarek w celu aktualizowania sterowników oraz ulepszania produktów.</Val>
	</Msg>
	<Msg LN="AB" GR="UserAgreement">
		<Id>Statement2</Id>
		<Val>يمكنك أيضًا مساعدة Samsung‬ على تحسين جودة منتجاتها وعروض الخدمات التي تقدمها من خلال الانضمام لبرنامج جمع معلومات استخدام الطابعة الذي يجمع معلومات استخدام الطابعة ويحلل خصائص استخدام المنت.ج تجمع Samsung‬ معلومات من الطابعة لديك من أجل تحديث برنامج التشغيل عند الضرورة، والمساعدة في تحسين منتجات الطابعات التي نوفره.ا</Val>
	</Msg>
	<Msg LN="BP" GR="UserAgreement">
		<Id>Statement2</Id>
		<Val>Você também pode ajudar a Samsung a aprimorar a qualidade de suas ofertas de produtos e serviços ao participar do programa de coleta de informações de utilização da impressora, o qual coleta as informações de uso da impressora e analisa as características de uso do produto. A Samsung coleta informações da sua impressora para atualizar o driver quando necessário e também para ajudar a aperfeiçoar nossos produtos de impressão.</Val>
	</Msg>
	<Msg LN="PT" GR="UserAgreement">
		<Id>Statement2</Id>
		<Val>Para ajudar a Samsung a optimizar a qualidade dos seus produtos e serviços, pode também participar no programa de recolha de dados sobre a utilização da impressora que recolhe informação sobre a utilização da sua impressora e analisa as características da utilização do produto. A Samsung recolhe dados da sua impressora para actualizar o software de controlador sempre que necessário e para ajudar a optimizar os nossos produtos de impressora.</Val>
	</Msg>
	<Msg LN="CP" GR="UserAgreement">
		<Id>Statement2</Id>
		<Val>同时，您可以通过加入打印机使用信息收集计划，帮助 Samsung 提高其产品和服务的质量。该计划会收集打印机使用信息并分析产品的使用统计。 Samsung 从您打印机收集信息，以便在需要时更新驱动程序，并帮助改进打印机产品。</Val>
	</Msg>
	<Msg LN="CT" GR="UserAgreement">
		<Id>Statement2</Id>
		<Val>同時，您可以透過加入印表機使用資訊收集計劃，幫助 Samsung 提高其產品和服務的品質。該計劃會收集印表機使用資訊並分析產品的使用統計。 Samsung 從您的印表機收集資訊，以便在需要時更新驅動程式，並幫助改進印表機產品。</Val>
	</Msg>
	<Msg LN="EL" GR="UserAgreement">
		<Id>Statement2</Id>
		<Val>Μπορείτε επίσης να βοηθήσετε τη Samsung να βελτιώσει την ποιότητα των προϊόντων και των υπηρεσιών της με τη συμμετοχή σας στο Πρόγραμμα συλλογής πληροφοριών χρήσης εκτυπωτή, το οποίο συλλέγει πληροφορίες χρήσης εκτυπωτή και αναλύει τα χαρακτηριστικά χρήσης του προϊόντος. Η Samsung συλλέγει πληροφορίες από τον εκτυπωτή σας με σκοπό την ενημέρωση του προγράμματος οδήγησης όταν αυτό απαιτείται και τη βελτίωση των εκτυπωτών της.</Val>
	</Msg>
	<Msg LN="HB" GR="UserAgreement">
		<Id>Statement2</Id>
		<Val>תוכל גם לעזור ל-Samsung לשפר את איכות המוצרים והשירותים שהיא מציעה בכך שתצטרף לתוכנית איסוף המידע אודות השימוש במדפסת אשר אוספת מידע אודות שימוש במדפסת ומנתחת מאפייני שימוש במוצר. Samsung אוספת מידע מהמדפסת כדי לעדכן את מנהל ההתקן בעת הצורך וכדי לשפר את מוצרי המדפסות שלנו.</Val>
	</Msg>
	<Msg LN="RU" GR="UserAgreement">
		<Id>Statement2</Id>
		<Val>Кроме того, вы можете принять участие в программе сбора данных об использовании принтера, которая будет собирать соответствующую информацию и анализировать ее, чтобы помочь компании Samsung улучшить качество своих изделий и услуг. Компания Samsung собирает данные о принтере, чтобы своевременно обновлять соответствующие драйверы и улучшать характеристики устройств.</Val>
	</Msg>
	<Msg LN="TK" GR="UserAgreement">
		<Id>Statement2</Id>
		<Val>Yazıcı kullanım bilgilerini toplayan ve ürünün kullanım özelliklerini analiz eden yazıcı kullanım bilgilerini toplama programına katılarak da Samsung’un sunduğu ürün ve hizmetlerin kalitesini artırmasına yardımcı olabilirsiniz. Samsung, gerektiğinde sürücüyü güncelleştirmek ve yazıcı ürünlerimizi daha iyi hale getirmek için yazıcından bilgi alır.</Val>
	</Msg>
	<Msg LN="EN" GR="UserAgreement">
		<Id>Statement3</Id>
		<Val>Also you can help Samsung to improve the quality of its product and service offerings by joining printer usage information collection program which collect printer usage information and analyze usage characteristics of product. Samsung collects information from your printer in order to update the driver when necessary, and to help improve our printer products. </Val>
	</Msg>
	<Msg LN="KR" GR="UserAgreement">
		<Id>Statement3</Id>
		<Val>게다가 사용자는 프린터 사용량 정보를 수집하고 제품의 사용량 특성을 분석하는 프린터 사용량 정보 수집 프로그램에 참여하여 삼성이 제품 및 서비스 제공 서비스의 품질을 향상시키는 데 도움을 줄 수 있습니다. 삼성은 필요하면 드라이버를 업데이트하고, 프린터 제품의 기능을 개선하도록 지원하기 위해 사용자의 프린터로부터 정보를 수집합니다. </Val>
	</Msg>
	<Msg LN="DN" GR="UserAgreement">
		<Id>Statement3</Id>
		<Val>F.eks. kan det nye fejlfindingssystem eller system til opdateringer i realtid for Samsung-printere hjælpe dig med at løse problemer med printeren eller forbedre ydeevnen på en nemmere måde. Du kan tilmelde dig disse forbedrede funktioner, når Samsung-softwaren har sendt printerstatus eller andre printerrelaterede oplysninger til systemets webtjenester.</Val>
	</Msg>
	<Msg LN="DT" GR="UserAgreement">
		<Id>Statement3</Id>
		<Val>Het nieuwe probleemoplossingsysteem of het live update-systeem voor de Samsung-printer kan u bijvoorbeeld helpen problemen met printers te herstellen of om de prestaties van het product gemakkelijker te verbeteren. Hiervoor stuurt de Samsung-software de printerstatus of andere aan de printer verwante informatie naar webservices voor het system en dan kunt u met deze verbeterde functies meedoen.</Val>
	</Msg>
	<Msg LN="FI" GR="UserAgreement">
		<Id>Statement3</Id>
		<Val>Samsung-tulostimien uuden vianmääritysjärjestelmän tai reaaliaikaisen päivitysjärjestelmän avulla voit esimerkiksi korjata tulostimiin liittyvät ongelmat tai parantaa tuotteen suorituskykyä entistä helpommin. Tästä syystä Samsung-ohjelmisto lähettää tulostimen tilan tai muut tulostimeen liittyvät tiedot järjestelmän verkkopalveluihin, minkä jälkeen voit ottaa nämä parannetut toiminnot käyttöön.</Val>
	</Msg>
	<Msg LN="FN" GR="UserAgreement">
		<Id>Statement3</Id>
		<Val>Par exemple, le nouveau système de dépannage ou le système de mise à jour en direct des imprimantes Samsung peut vous aider à résoudre les problèmes rencontrés avec les imprimantes ou à améliorer les performances du produit avec plus de commodité. Pour ce faire, le logiciel Samsung transmet l’état de l’imprimante ou d’autres informations relatives à l’imprimante aux services Web du système, ce qui vous permet ensuite de bénéficier de ces fonctions optimisées.</Val>
	</Msg>
	<Msg LN="GR" GR="UserAgreement">
		<Id>Statement3</Id>
		<Val>Mit dem System zur Problembehebung oder dem Echtzeit-Aktualisierungssystem können Sie Probleme mit Samsung-Druckern einfacher beheben und die Leistung des Produkts verbessern. Dazu sendet die Samsung-Software den Druckerstatus und andere druckerbezogene Informationen an einen Webdienst für das System. Sie können diese erweiterten Funktionen dann nutzen.</Val>
	</Msg>
	<Msg LN="IT" GR="UserAgreement">
		<Id>Statement3</Id>
		<Val>Ad esempio, il nuovo sistema di risoluzione dei problemi o il sistema di aggiornamento automatico per le stampanti Samsung può aiutare gli utenti a risolvere i problemi con le stampanti o a migliorare le prestazioni del prodotto più facilmente. A questo scopo, il software Samsung invierà lo stato della stampante o altre informazioni relative alla stampante ai servizi Web per il sistema e gli utenti potranno poi usufruire di queste funzionalità avanzate.</Val>
	</Msg>
	<Msg LN="NR" GR="UserAgreement">
		<Id>Statement3</Id>
		<Val>Det nye feilsøkingssystemet for Samsung-skriveren eller det direkte oppdateringssystemet kan hjelpe deg med å løse skriverproblemer eller forbedre produktets ytelse på en enklere måte. For å gjøre dette vil Samsung-programvaren sende skriverstatus eller annen skriverrelatert informasjon til systemets webtjenester, slik at du kan begynne å bruke disse utvidede funksjonene.</Val>
	</Msg>
	<Msg LN="SP" GR="UserAgreement">
		<Id>Statement3</Id>
		<Val>Por ejemplo, un nuevo sistema de solución de problemas o de actualizaciones para su impresora Samsung puede ayudarlo a solucionar los problemas con impresoras y mejorar el rendimiento del producto más fácilmente. Para esto, el software de Samsung enviará el estado de la impresora u otra información relacionada a los servicios web del sistema y, entonces, podrá adherirse a estas funciones mejoradas.</Val>
	</Msg>
	<Msg LN="SW" GR="UserAgreement">
		<Id>Statement3</Id>
		<Val>Exempelvis kan ett nytt felsökningssystem eller live-uppdateringssystem för Samsung-skrivare vara till hjälp för att lösa skrivarproblem eller för att förbättra produktens prestanda. För att kunna göra detta kommer Samsung-programmet att skicka skrivarstatus eller annan skrivarrelaterad information till webbtjänster för systemet, och du kan sedan använda dessa förbättrade funktioner.</Val>
	</Msg>
	<Msg LN="CZ" GR="UserAgreement">
		<Id>Statement3</Id>
		<Val>Například nový systém odstraňování potíží či online systém aktualizací pro tiskárny Samsung vám pomůže vyřešit potíže s tiskárnou nebo zlepšit její výkon snadněji a rychleji. Aby toho bylo možné dosáhnout, software společnosti Samsung odešle informace o stavu tiskárny či jiné potřebné informace ke zpracování webové službě, která vám následně umožní využití těchto rozšířených funkcí.</Val>
	</Msg>
	<Msg LN="HU" GR="UserAgreement">
		<Id>Statement3</Id>
		<Val>Az új hibaelhárító rendszer vagy a Samsung nyomtatók online frissítési rendszere egyszerűsítheti a nyomtatóhibák kijavítását és a termékek teljesítménynövelését. A Samsung e célból a nyomtató állapotára és más nyomtatóra vonatkozó adatokat küld a rendszerek webszolgáltatásának, és ezt követően ezek a tökéletesített funkciók is használhatók.</Val>
	</Msg>
	<Msg LN="PO" GR="UserAgreement">
		<Id>Statement3</Id>
		<Val>Dzięki nowemu systemowi rozwiązywania problemów i systemowi aktualizacji na bieżąco drukarek firmy Samsung użytkownicy mogą łatwiej rozwiązywać problemy z drukarkami oraz optymalizować wydajność produktów. W tym celu oprogramowanie firmy Samsung wysyła informacje o stanie drukarki lub inne dane drukarki do odpowiednich usług sieciowych, dzięki czemu użytkownik może korzystać z tych zoptymalizowanych funkcji.</Val>
	</Msg>
	<Msg LN="AB" GR="UserAgreement">
		<Id>Statement3</Id>
		<Val>سبيل المثال، يمكن أن يساعدك نظام استكشاف الأخطاء وإصلاحها أو نظام التحديث المباشر لطابعة Samsung‬ على إصلاح المشكلات التي تواجه الطابعات أو تحسين أداء المنتج بسهول.ة لإجراء ذلك، يقوم برنامج Samsung‬ بإرسال حالة الطابعة أو أي معلومات أخرى تتعلق بالطابعة إلى خدمات الويب للنظام ويمكنك بعد ذلك الانضمام إلى هذه الميزات المحسّن.ة</Val>
	</Msg>
	<Msg LN="BP" GR="UserAgreement">
		<Id>Statement3</Id>
		<Val>Por exemplo, o novo sistema de solução de problemas ou o sistema de atualização dinâmica para as impressoras Samsung podem ajudar você a corrigir problemas nas impressoras ou a aumentar facilmente o desempenho dos produtos. Para fazer isso, o software da Samsung irá enviar o status da impressora ou outras informações relacionadas a ela para serviços da Web do sistema, e você poderá entrar nesses recursos avançados.</Val>
	</Msg>
	<Msg LN="PT" GR="UserAgreement">
		<Id>Statement3</Id>
		<Val>Por exemplo, o novo sistema de resolução de problemas ou o sistema de actualizações pela Internet para impressoras Samsung oferecem-lhe uma forma simples de eliminar problemas com impressoras ou optimizar o desempenho do produto. Para esse efeito, o software da Samsung enviará dados relacionados com o estado operacional da impressora ou outros dados relacionados com a impressora ao nosso sistema através da Internet, para que possa tirar partido dessas funcionalidades avançadas.</Val>
	</Msg>
	<Msg LN="CP" GR="UserAgreement">
		<Id>Statement3</Id>
		<Val>例如，Samsung 打印机的新故障排除系统或实时更新系统可帮助您修正打印机故障，或更轻松地提高产品的性能。 为了达到此目的，Samsung 软件将打印机状态或其他相关信息发送到系统的web 服务，这样您可以加入这些增强的功能。</Val>
	</Msg>
	<Msg LN="CT" GR="UserAgreement">
		<Id>Statement3</Id>
		<Val>例如，Samsung 印表機的新疑難排解系統或即時更新系統可幫助您修正印表機故障，或更輕鬆地提高產品的效能。 為了達到此目的，Samsung 軟體將印表機狀態或其他相關資訊發送到系統的web 服務，這樣您可以加入這些增強的功能。</Val>
	</Msg>
	<Msg LN="EL" GR="UserAgreement">
		<Id>Statement3</Id>
		<Val>Για παράδειγμα, ένα νέο σύστημα αντιμετώπισης προβλημάτων ή ένα σύστημα live ενημέρωσης για τον εκτυπωτή Samsung μπορεί να σας βοηθήσει να λύσετε τα προβλήματα που αντιμετωπίζετε με εκτυπωτές ή να βελτιώσετε την απόδοση του προϊόντος πιο εύκολα. Για το σκοπό αυτό, με το λογισμικό Samsung θα αποσταλεί η κατάσταση εκτυπωτή ή άλλες σχετικές πληροφορίες στις ηλεκτρονικές υπηρεσίες συστήματος και στη συνέχεια θα μπορείτε να έχετε πρόσβαση σε αυτές τις αναβαθμισμένες λειτουργίες.</Val>
	</Msg>
	<Msg LN="HB" GR="UserAgreement">
		<Id>Statement3</Id>
		<Val>לדוגמה, מערכת חדשה לפתרון בעיות או מערכת לעדכונים חיים עבור מדפסות של Samsung יכולה לעזור לך לתקן בעיות במדפסות או לשפר ביצועי מוצרים בקלות רבה יותר. כדי לעשות זאת, תוכנת Samsung תשלח את מצב המדפסת ומידע קשור אחר בנוגע למדפסת לשירותי האינטרנט עבור מערכות ולאחר מכן תוכל להוסיף מאפיינים משופרים אלה.</Val>
	</Msg>
	<Msg LN="RU" GR="UserAgreement">
		<Id>Statement3</Id>
		<Val>Например, новая система устранения неисправностей или система автоматического обновления ПО принтеров Samsung облегчит решение проблем, возникающих при использовании устройства, или улучшение его характеристик. Чтобы вы могли присоединиться к программе расширения функциональности, ПО Samsung будет отправлять данные о состоянии принтера или другую информацию, касающуюся устройства, в систему веб-справки.</Val>
	</Msg>
	<Msg LN="TK" GR="UserAgreement">
		<Id>Statement3</Id>
		<Val>Örneğin, Samsung yazıcılara yönelik yeni sorun giderme sistemi veya canlı güncelleştirme sistemi, yazıcı sorunlarını giderme veya ürünün performansını artırma işlemlerini daha kolay gerçekleştirmenize yardımcı olur. Bunun için, Samsung yazılımı sistemle ilgili web hizmetlerine yazıcı durumunu veya diğer yazıcıyla ilgili bilgileri gönderir ve siz de bu gelişmiş özelliklere katılabilirsiniz.</Val>
	</Msg>
	<Msg LN="EN" GR="UserAgreement">
		<Id>Statement4</Id>
		<Val>Samsung does not use the information collected in any way which will identify individual users or their personal information.</Val>
	</Msg>
	<Msg LN="KR" GR="UserAgreement">
		<Id>Statement4</Id>
		<Val>삼성은 개별 사용자 또는 개인 신상 정보를 식별할 수 있는 방식으로 수집된 정보를 사용하지 않습니다.</Val>
	</Msg>
	<Msg LN="DN" GR="UserAgreement">
		<Id>Statement4</Id>
		<Val>Samsung anvender ikke de indsamlede oplysninger på en måde, som kan identificere de enkelte brugere og deres personlige oplysninger.</Val>
	</Msg>
	<Msg LN="DT" GR="UserAgreement">
		<Id>Statement4</Id>
		<Val>Samsun gebruikt de verzamelde informatie op geen enkele wijze om individuele gebruikers of hun persoonlijke informatie te identificeren.</Val>
	</Msg>
	<Msg LN="FI" GR="UserAgreement">
		<Id>Statement4</Id>
		<Val>Samsung ei millään tavalla käytä kerättyjä tietoja niin, että yksittäiset käyttäjät tai heidän henkilötietonsa voitaisiin tunnistaa.</Val>
	</Msg>
	<Msg LN="FN" GR="UserAgreement">
		<Id>Statement4</Id>
		<Val>Samsung n’utilise pas les informations collectées d’une manière qui pourrait permettre d’identifier les utilisateurs ou leurs informations personnelles.</Val>
	</Msg>
	<Msg LN="GR" GR="UserAgreement">
		<Id>Statement4</Id>
		<Val>Samsung verwendet die Informationen nicht in einer Art und Weise, die zur Identifizierung des Benutzers oder der persönlichen Informationen führen kann.</Val>
	</Msg>
	<Msg LN="IT" GR="UserAgreement">
		<Id>Statement4</Id>
		<Val>Samsung non utilizza le informazioni raccolte in alcun modo che possa portare a identificare singoli utenti o i loro dati personali.</Val>
	</Msg>
	<Msg LN="NR" GR="UserAgreement">
		<Id>Statement4</Id>
		<Val>Samsung bruker ikke den innsamlede informasjonen på en måte som kan identifisere individuelle brukere eller deres personlige informasjon.</Val>
	</Msg>
	<Msg LN="SP" GR="UserAgreement">
		<Id>Statement4</Id>
		<Val>Samsung no utiliza la información recopilada de ninguna forma que pueda identificar usuarios individuales o su información personal.</Val>
	</Msg>
	<Msg LN="SW" GR="UserAgreement">
		<Id>Statement4</Id>
		<Val>Samsung använder inte den information som samlas in på något sätt som gör att enskilda kunder eller deras personliga information kan identifieras.</Val>
	</Msg>
	<Msg LN="CZ" GR="UserAgreement">
		<Id>Statement4</Id>
		<Val>Společnost Samsung nakládá se shromážděnými údaji takovým způsobem, aby nebylo možné rozlišit jednotlivé uživatele nebo jejich osobní údaje.</Val>
	</Msg>
	<Msg LN="HU" GR="UserAgreement">
		<Id>Statement4</Id>
		<Val>A Samsung nem kívánja felhasználni a gyűjtött adatokat a felhasználók azonosítására alkalmas módon.</Val>
	</Msg>
	<Msg LN="PO" GR="UserAgreement">
		<Id>Statement4</Id>
		<Val>Firma Samsung nie używa zebranych informacji w żaden sposób umożliwiający identyfikację poszczególnych użytkowników lub uzyskanie ich danych osobowych.</Val>
	</Msg>
	<Msg LN="AB" GR="UserAgreement">
		<Id>Statement4</Id>
		<Val>لا تستخدم Samsung المعلومات التي تم تجميعها بأي طريقة والتي سوف تتعرف على المستخدمين الفرديين أو معلوماتهم الشخصية.</Val>
	</Msg>
	<Msg LN="BP" GR="UserAgreement">
		<Id>Statement4</Id>
		<Val>A Samsung não usa as informações coletadas de nenhuma forma que identifique os usuários individuais ou suas informações pessoais.</Val>
	</Msg>
	<Msg LN="PT" GR="UserAgreement">
		<Id>Statement4</Id>
		<Val>A Samsung não utiliza os dados recolhidos de alguma forma que possa identificar utilizadores individuais ou dados pessoais dos mesmos.</Val>
	</Msg>
	<Msg LN="CP" GR="UserAgreement">
		<Id>Statement4</Id>
		<Val>Samsung 不使用以任何确定个人用户身份或其个人信息的方式而收集的信息。</Val>
	</Msg>
	<Msg LN="CT" GR="UserAgreement">
		<Id>Statement4</Id>
		<Val>Samsung 不使用以任何確定個人使用者身份或其個人資訊的方式而收集的資訊。</Val>
	</Msg>
	<Msg LN="EL" GR="UserAgreement">
		<Id>Statement4</Id>
		<Val>Η Samsung δεν χρησιμοποιεί πληροφορίες που έχουν συλλεχθεί με τρόπο ώστε να γίνεται αναγνώριση της ταυτότητας χρηστών ή των προσωπικών τους πληροφοριών.</Val>
	</Msg>
	<Msg LN="HB" GR="UserAgreement">
		<Id>Statement4</Id>
		<Val>Samsung אינה משתמשת במידע שנאסף באופן כלשהו שיכול לזהות משתמשים בודדים או את המידע האישי שלהם.</Val>
	</Msg>
	<Msg LN="RU" GR="UserAgreement">
		<Id>Statement4</Id>
		<Val>Компания Samsung не использует собранные данные для идентификации пользователей или их личных сведений.</Val>
	</Msg>
	<Msg LN="TK" GR="UserAgreement">
		<Id>Statement4</Id>
		<Val>Samsung toplanan bilgileri kullanıcının kimliği veya kişisel bilgileri belirlenebilecek şekilde kullanmaz.</Val>
	</Msg>
	<Msg LN="EN" GR="UserAgreement">
		<Id>Title</Id>
		<Val>Using Enhanced Features and Participating in Printer Usage Information Collection Program</Val>
	</Msg>
	<Msg LN="KR" GR="UserAgreement">
		<Id>Title</Id>
		<Val>고급 기능 사용 및 프린터 사용량 정보 수집 프로그램 참여</Val>
	</Msg>
	<Msg LN="DN" GR="UserAgreement">
		<Id>Title</Id>
		<Val>Brug af udvidede funktioner og deltagelse i programmet til indsamling af oplysninger om brug af printeren</Val>
	</Msg>
	<Msg LN="DT" GR="UserAgreement">
		<Id>Title</Id>
		<Val>Gebruik van verbeterde functies en deelname aan het verzamelprogramma voor gebruiksinformatie van printer</Val>
	</Msg>
	<Msg LN="FI" GR="UserAgreement">
		<Id>Title</Id>
		<Val>Parannettujen toimintojen käyttäminen ja osallistuminen tulostimen käyttötietojen keräysohjelmaan</Val>
	</Msg>
	<Msg LN="FN" GR="UserAgreement">
		<Id>Title</Id>
		<Val>Utilisation des fonctions optimisées et participation au programme de collecte d’informations sur l’utilisation des imprimantes</Val>
	</Msg>
	<Msg LN="GR" GR="UserAgreement">
		<Id>Title</Id>
		<Val>Verwenden erweiterter Funktionen und Teilnehmen am Programm zur Druckernutzungs-Informationserfassung</Val>
	</Msg>
	<Msg LN="IT" GR="UserAgreement">
		<Id>Title</Id>
		<Val>Utilizzo delle funzionalità avanzate e partecipazione al programma di raccolta delle informazioni sull'utilizzo delle stampanti</Val>
	</Msg>
	<Msg LN="NR" GR="UserAgreement">
		<Id>Title</Id>
		<Val>Bruk av utvidede funksjoner og deltakelse i innsamlingsprogram for informasjon om skriverbruk</Val>
	</Msg>
	<Msg LN="SP" GR="UserAgreement">
		<Id>Title</Id>
		<Val>Uso de funciones mejoradas y participación en el programa de recopilación de información de uso de impresora</Val>
	</Msg>
	<Msg LN="SW" GR="UserAgreement">
		<Id>Title</Id>
		<Val>Använda förbättrade funktioner och delta i insamlingsprogrammet för information om skrivaranvändning</Val>
	</Msg>
	<Msg LN="CZ" GR="UserAgreement">
		<Id>Title</Id>
		<Val>Používání rozšířených funkcí a Účast v programu shromažďování údajů o provozu tiskárny</Val>
	</Msg>
	<Msg LN="HU" GR="UserAgreement">
		<Id>Title</Id>
		<Val>Továbbfejlesztett funkciók használata és részvétel a nyomtatóhasználatra vonatkozó adatgyűjtési programban</Val>
	</Msg>
	<Msg LN="PO" GR="UserAgreement">
		<Id>Title</Id>
		<Val>Korzystanie z ulepszonych funkcji i udział w programie zbierania informacji o wykorzystaniu drukarki</Val>
	</Msg>
	<Msg LN="AB" GR="UserAgreement">
		<Id>Title</Id>
		<Val>استخدام الميزات المحسّنة والمشاركة في برنامج تجميع معلومات استخدام الطابعة</Val>
	</Msg>
	<Msg LN="BP" GR="UserAgreement">
		<Id>Title</Id>
		<Val>Usando os recursos aprimorados e participando do programa de coleta de informações de uso da impressora</Val>
	</Msg>
	<Msg LN="PT" GR="UserAgreement">
		<Id>Title</Id>
		<Val>Utilização de Funcionalidades Avançadas e Participação no Programa de Recolha de Dados Sobre a Utilização da Impressora</Val>
	</Msg>
	<Msg LN="CP" GR="UserAgreement">
		<Id>Title</Id>
		<Val>使用增强的功能并参与打印机使用信息收集计划</Val>
	</Msg>
	<Msg LN="CT" GR="UserAgreement">
		<Id>Title</Id>
		<Val>使用增強的功能並參與印表機使用資訊收集計劃</Val>
	</Msg>
	<Msg LN="EL" GR="UserAgreement">
		<Id>Title</Id>
		<Val>Χρήση των βελτιωμένων λειτουργιών και συμμετοχή στο πρόγραμμα συλλογής πληροφοριών χρήσης εκτυπωτή</Val>
	</Msg>
	<Msg LN="HB" GR="UserAgreement">
		<Id>Title</Id>
		<Val>שימוש במאפיינים משופרים והשתתפות בתוכנית 'איסוף מידע אודות השימוש במדפסת'</Val>
	</Msg>
	<Msg LN="RU" GR="UserAgreement">
		<Id>Title</Id>
		<Val>Использование расширенных возможностей и участие в программе сбора данных об использовании принтера</Val>
	</Msg>
	<Msg LN="TK" GR="UserAgreement">
		<Id>Title</Id>
		<Val>Gelişmiş Özellikleri Kullanma ve Yazıcı Kullanım Bilgilerini Toplama Programına Katılma</Val>
	</Msg>
	<Msg LN="EN" GR="UserAgreement">
		<Id>LearnMore</Id>
		<Val>Learn more about enhanced features and printer usage information collection program</Val>
	</Msg>
	<Msg LN="KR" GR="UserAgreement">
		<Id>LearnMore</Id>
		<Val>고급 기능 및 프린터 사용량 정보 수집 프로그램에 대해 자세히 알아보기</Val>
	</Msg>
	<Msg LN="DN" GR="UserAgreement">
		<Id>LearnMore</Id>
		<Val>Få mere at vide om udvidede funktioner og programmet til indsamling af oplysninger om brug af printeren</Val>
	</Msg>
	<Msg LN="DT" GR="UserAgreement">
		<Id>LearnMore</Id>
		<Val>Lees meer over de verbeterde functies en het verzamelprogramma voor gebruiksinformatie van de printer</Val>
	</Msg>
	<Msg LN="FI" GR="UserAgreement">
		<Id>LearnMore</Id>
		<Val>Perehdy parannettuihin toimintoihin ja tulostimen käyttötietojen keräysohjelmaan</Val>
	</Msg>
	<Msg LN="FN" GR="UserAgreement">
		<Id>LearnMore</Id>
		<Val>En savoir plus concernant les fonctions optimisées et le programme de collecte d’informations sur l’utilisation des imprimantes</Val>
	</Msg>
	<Msg LN="GR" GR="UserAgreement">
		<Id>LearnMore</Id>
		<Val>Weitere Informationen über erweiterte Funktionen und das Programm zur Druckernutzungs-Informationserfassung</Val>
	</Msg>
	<Msg LN="IT" GR="UserAgreement">
		<Id>LearnMore</Id>
		<Val>Maggiori informazioni sulle funzionalità avanzate e sul programma di raccolta delle informazioni sull'utilizzo delle stampanti</Val>
	</Msg>
	<Msg LN="NR" GR="UserAgreement">
		<Id>LearnMore</Id>
		<Val>Lær mer om utvidede funksjoner og innsamlingsprogrammet for informasjon om skriverbruken</Val>
	</Msg>
	<Msg LN="SP" GR="UserAgreement">
		<Id>LearnMore</Id>
		<Val>Obtener más información acerca de las funciones mejoradas y el programa de recopilación de información de uso de impresora</Val>
	</Msg>
	<Msg LN="SW" GR="UserAgreement">
		<Id>LearnMore</Id>
		<Val>Mer om förbättrade funktioner och insamlingsprogrammet för information om skrivaranvändning</Val>
	</Msg>
	<Msg LN="CZ" GR="UserAgreement">
		<Id>LearnMore</Id>
		<Val>Získat více informací o rozšířených funkcí a programu shromažďování údajů o provozu tiskárny</Val>
	</Msg>
	<Msg LN="HU" GR="UserAgreement">
		<Id>LearnMore</Id>
		<Val>További információk a továbbfejlesztett funkciókról és nyomtatóhasználati adatgyűjtési programról</Val>
	</Msg>
	<Msg LN="PO" GR="UserAgreement">
		<Id>LearnMore</Id>
		<Val>Dowiedz się więcej o ulepszonych funkcjach i udziale w programie zbierania informacji o wykorzystaniu drukarki</Val>
	</Msg>
	<Msg LN="AB" GR="UserAgreement">
		<Id>LearnMore</Id>
		<Val>تعرف على المزيد حول الميزات المحسّنة وبرنامج تجميع معلومات استخدام الطابعة</Val>
	</Msg>
	<Msg LN="BP" GR="UserAgreement">
		<Id>LearnMore</Id>
		<Val>Saiba mais sobre recursos aprimorados e o programa de coleta de informações de uso da impressora</Val>
	</Msg>
	<Msg LN="PT" GR="UserAgreement">
		<Id>LearnMore</Id>
		<Val>Saiba mais sobre as funcionalidades avançadas e o programa de recolha de dados sobre a utilização da impressora</Val>
	</Msg>
	<Msg LN="CP" GR="UserAgreement">
		<Id>LearnMore</Id>
		<Val>了解有关增强的功能和打印机使用信息收集计划</Val>
	</Msg>
	<Msg LN="CT" GR="UserAgreement">
		<Id>LearnMore</Id>
		<Val>瞭解有關增強的功能和印表機使用資訊收集計劃</Val>
	</Msg>
	<Msg LN="EL" GR="UserAgreement">
		<Id>LearnMore</Id>
		<Val>Μάθετε περισσότερα σχετικά με τις αναβαθμισμένες λειτουργίες και το πρόγραμμα συλλογής πληροφοριών χρήσης εκτυπωτή</Val>
	</Msg>
	<Msg LN="HB" GR="UserAgreement">
		<Id>LearnMore</Id>
		<Val>קבל מידע נוסף אודות מאפיינים משופרים ותוכנית איסוף המידע אודות השימוש במדפסת</Val>
	</Msg>
	<Msg LN="RU" GR="UserAgreement">
		<Id>LearnMore</Id>
		<Val>Дополнительно о расширенных возможностях и участии в программе сбора данных об использовании принтера</Val>
	</Msg>
	<Msg LN="TK" GR="UserAgreement">
		<Id>LearnMore</Id>
		<Val>Gelişmiş özellikler ve yazıcı kullanım bilgilerini toplama programı hakkında daha fazla bilgi edinin</Val>
	</Msg>
	<Msg LN="EN" GR="UserAgreement">
		<Id>Agree</Id>
		<Val>Yes, I agree to transfer printer information to Samsung  (Recommended)</Val>
	</Msg>
	<Msg LN="KR" GR="UserAgreement">
		<Id>Agree</Id>
		<Val>예. 프린터 정보를 삼성으로 전송하는 데 동의합니다(권장).</Val>
	</Msg>
	<Msg LN="DN" GR="UserAgreement">
		<Id>Agree</Id>
		<Val>Ja, jeg accepterer, at der videregives oplysninger om printeren til Samsung (Anbefalet)</Val>
	</Msg>
	<Msg LN="DT" GR="UserAgreement">
		<Id>Agree</Id>
		<Val>Ja, ik ga akkoord met overdracht van printerinformatie naar Samsung (aanbevolen)</Val>
	</Msg>
	<Msg LN="FI" GR="UserAgreement">
		<Id>Agree</Id>
		<Val>Kyllä, suostun tulostimen tietojen siirtämiseen Samsungille (suositus)</Val>
	</Msg>
	<Msg LN="FN" GR="UserAgreement">
		<Id>Agree</Id>
		<Val>Oui, j’accepte de transmettre des informations concernant l’imprimante à Samsung (recommandé)</Val>
	</Msg>
	<Msg LN="GR" GR="UserAgreement">
		<Id>Agree</Id>
		<Val>Ja, ich bin damit einverstanden, Druckerinformationen an Samsung zu übertragen (empfohlen)</Val>
	</Msg>
	<Msg LN="IT" GR="UserAgreement">
		<Id>Agree</Id>
		<Val>Sì, accetto di trasferire a Samsung le informazioni relative alla stampante (scelta consigliata)</Val>
	</Msg>
	<Msg LN="NR" GR="UserAgreement">
		<Id>Agree</Id>
		<Val>Ja, jeg godtar å overføre skriverinformasjon til Samsung (anbefalt)</Val>
	</Msg>
	<Msg LN="SP" GR="UserAgreement">
		<Id>Agree</Id>
		<Val>Sí, acepto transferir información de la impresora a Samsung (Recomendado)</Val>
	</Msg>
	<Msg LN="SW" GR="UserAgreement">
		<Id>Agree</Id>
		<Val>Ja, jag godtar att skrivarinformation överförs till Samsung (rekommenderas)</Val>
	</Msg>
	<Msg LN="CZ" GR="UserAgreement">
		<Id>Agree</Id>
		<Val>Ano, souhlasím s odesíláním údajů o tiskárně společnosti Samsung (doporučeno)</Val>
	</Msg>
	<Msg LN="HU" GR="UserAgreement">
		<Id>Agree</Id>
		<Val>Igen, hozzájárulok a nyomtatóadatok továbbításához a Samsung részére (ajánlott)</Val>
	</Msg>
	<Msg LN="PO" GR="UserAgreement">
		<Id>Agree</Id>
		<Val>Tak, zgadzam się na przesyłanie informacji o wykorzystaniu drukarki do firmy Samsung (zalecane)</Val>
	</Msg>
	<Msg LN="AB" GR="UserAgreement">
		<Id>Agree</Id>
		<Val>نعم، أوافق على نقل معلومات الطابعة إلى Samsung (مستحسن)</Val>
	</Msg>
	<Msg LN="BP" GR="UserAgreement">
		<Id>Agree</Id>
		<Val>Sim, concordo em transferir as informações da impressora para a Samsung (recomendado)</Val>
	</Msg>
	<Msg LN="PT" GR="UserAgreement">
		<Id>Agree</Id>
		<Val>Sim, concordo com a transferência dos dados sobre a impressora para a Samsung (Recomendado)</Val>
	</Msg>
	<Msg LN="CP" GR="UserAgreement">
		<Id>Agree</Id>
		<Val>是，我同意将打印机信息发给 Samsung（建议）</Val>
	</Msg>
	<Msg LN="CT" GR="UserAgreement">
		<Id>Agree</Id>
		<Val>是，我同意將印表機資訊發給 Samsung（建議）</Val>
	</Msg>
	<Msg LN="EL" GR="UserAgreement">
		<Id>Agree</Id>
		<Val>Ναι, δέχομαι να πραγματοποιηθεί μεταφορά πληροφοριών εκτυπωτή στη Samsung (συνιστάται)</Val>
	</Msg>
	<Msg LN="HB" GR="UserAgreement">
		<Id>Agree</Id>
		<Val>כן, אני מסכים להעביר מידע אודות המדפסת ל-Samsung (מומלץ)</Val>
	</Msg>
	<Msg LN="RU" GR="UserAgreement">
		<Id>Agree</Id>
		<Val>Да, я соглашаюсь на передачу таких данных в компанию Samsung (рекомендуется)</Val>
	</Msg>
	<Msg LN="TK" GR="UserAgreement">
		<Id>Agree</Id>
		<Val>Evet, yazıcı bilgilerini Samsung’a göndermeyi kabul ediyorum (Önerilir)</Val>
	</Msg>
	<Msg LN="EN" GR="UserAgreement">
		<Id>AgreeComment</Id>
		<Val>- The information will not contain any personal information </Val>
	</Msg>
	<Msg LN="KR" GR="UserAgreement">
		<Id>AgreeComment</Id>
		<Val>이 정보에는 개인 신상 정보가 포함되지 않습니다.</Val>
	</Msg>
	<Msg LN="DN" GR="UserAgreement">
		<Id>AgreeComment</Id>
		<Val>Oplysningerne vil ikke indeholde personlige oplysninger</Val>
	</Msg>
	<Msg LN="DT" GR="UserAgreement">
		<Id>AgreeComment</Id>
		<Val>De informatie zal geen persoonlijke informatie bevatten</Val>
	</Msg>
	<Msg LN="FI" GR="UserAgreement">
		<Id>AgreeComment</Id>
		<Val>Tiedot eivät sisällä mitään henkilökohtaisia ​​tietoja</Val>
	</Msg>
	<Msg LN="FN" GR="UserAgreement">
		<Id>AgreeComment</Id>
		<Val>Les informations ne contiendront aucune donnée personnelle</Val>
	</Msg>
	<Msg LN="GR" GR="UserAgreement">
		<Id>AgreeComment</Id>
		<Val>Die Informationen enthalten keine persönlichen Daten</Val>
	</Msg>
	<Msg LN="IT" GR="UserAgreement">
		<Id>AgreeComment</Id>
		<Val>Le informazioni non conterranno dati personali</Val>
	</Msg>
	<Msg LN="NR" GR="UserAgreement">
		<Id>AgreeComment</Id>
		<Val>Informasjonen vil ikke inneholde noen personlige data</Val>
	</Msg>
	<Msg LN="SP" GR="UserAgreement">
		<Id>AgreeComment</Id>
		<Val>La información enviada no contendrá datos personales</Val>
	</Msg>
	<Msg LN="SW" GR="UserAgreement">
		<Id>AgreeComment</Id>
		<Val>Informationen innehåller inte någon personlig information</Val>
	</Msg>
	<Msg LN="CZ" GR="UserAgreement">
		<Id>AgreeComment</Id>
		<Val>Tyto informace nebudou obsahovat žádné osobní údaje</Val>
	</Msg>
	<Msg LN="HU" GR="UserAgreement">
		<Id>AgreeComment</Id>
		<Val>Az információ nem fog tartalmazni személyes adatokat</Val>
	</Msg>
	<Msg LN="PO" GR="UserAgreement">
		<Id>AgreeComment</Id>
		<Val>Informacje te nie będą zawierać żadnych danych osobowych</Val>
	</Msg>
	<Msg LN="AB" GR="UserAgreement">
		<Id>AgreeComment</Id>
		<Val>لن تتضمن المعلومات أية معلومات شخصية</Val>
	</Msg>
	<Msg LN="BP" GR="UserAgreement">
		<Id>AgreeComment</Id>
		<Val>As informações não conterão nenhuma informação pessoal</Val>
	</Msg>
	<Msg LN="PT" GR="UserAgreement">
		<Id>AgreeComment</Id>
		<Val>A informação não irá conter quaisquer dados pessoais</Val>
	</Msg>
	<Msg LN="CP" GR="UserAgreement">
		<Id>AgreeComment</Id>
		<Val>此信息不包含任何个人信息</Val>
	</Msg>
	<Msg LN="CT" GR="UserAgreement">
		<Id>AgreeComment</Id>
		<Val>此資訊不包括任何個人資料</Val>
	</Msg>
	<Msg LN="EL" GR="UserAgreement">
		<Id>AgreeComment</Id>
		<Val>Οι πληροφορίες δεν θα περιέχουν προσωπικά δεδομένα</Val>
	</Msg>
	<Msg LN="HB" GR="UserAgreement">
		<Id>AgreeComment</Id>
		<Val>המידע לא יכיל כל מידע אישי</Val>
	</Msg>
	<Msg LN="RU" GR="UserAgreement">
		<Id>AgreeComment</Id>
		<Val>Информация не будет содержать никаких личных данных</Val>
	</Msg>
	<Msg LN="TK" GR="UserAgreement">
		<Id>AgreeComment</Id>
		<Val>Bilgi herhangi bir kişisel bilgi içermez</Val>
	</Msg>
	<Msg LN="EN" GR="UserAgreement">
		<Id>Disagree</Id>
		<Val>No, I would not like to transfer printer information</Val>
	</Msg>
	<Msg LN="KR" GR="UserAgreement">
		<Id>Disagree</Id>
		<Val>아니오. 프린터 정보를 전송하지 않습니다.</Val>
	</Msg>
	<Msg LN="DN" GR="UserAgreement">
		<Id>Disagree</Id>
		<Val>Nej, jeg ønsker ikke at videregive oplysninger om printeren</Val>
	</Msg>
	<Msg LN="DT" GR="UserAgreement">
		<Id>Disagree</Id>
		<Val>Nee, ik wil geen printerinformatie overdragen</Val>
	</Msg>
	<Msg LN="FI" GR="UserAgreement">
		<Id>Disagree</Id>
		<Val>Ei, en halua siirtää tulostimen tietoja</Val>
	</Msg>
	<Msg LN="FN" GR="UserAgreement">
		<Id>Disagree</Id>
		<Val>Non, je ne souhaite pas transmettre d’informations concernant l’imprimante</Val>
	</Msg>
	<Msg LN="GR" GR="UserAgreement">
		<Id>Disagree</Id>
		<Val>Nein, ich möchte keine Druckerinformationen übertragen</Val>
	</Msg>
	<Msg LN="IT" GR="UserAgreement">
		<Id>Disagree</Id>
		<Val>No, non desidero trasferire le informazioni sulla stampante</Val>
	</Msg>
	<Msg LN="NR" GR="UserAgreement">
		<Id>Disagree</Id>
		<Val>Nei, jeg vil ikke overføre skriverinformasjon</Val>
	</Msg>
	<Msg LN="SP" GR="UserAgreement">
		<Id>Disagree</Id>
		<Val>No, no deseo transferir información de la impresora</Val>
	</Msg>
	<Msg LN="SW" GR="UserAgreement">
		<Id>Disagree</Id>
		<Val>Nej, jag vill inte att skrivarinformation överförs</Val>
	</Msg>
	<Msg LN="CZ" GR="UserAgreement">
		<Id>Disagree</Id>
		<Val>Ne, nechci odesílat údaje o tiskárně</Val>
	</Msg>
	<Msg LN="HU" GR="UserAgreement">
		<Id>Disagree</Id>
		<Val>Nem, nem szeretném továbbítani a nyomtatóadatokat</Val>
	</Msg>
	<Msg LN="PO" GR="UserAgreement">
		<Id>Disagree</Id>
		<Val>Nie, nie chcę przesyłać informacji o wykorzystaniu drukarki</Val>
	</Msg>
	<Msg LN="AB" GR="UserAgreement">
		<Id>Disagree</Id>
		<Val>لا، لا أرغب في نقل معلومات الطابعة</Val>
	</Msg>
	<Msg LN="BP" GR="UserAgreement">
		<Id>Disagree</Id>
		<Val>Não, eu não gostaria de transferir as informações da impressora</Val>
	</Msg>
	<Msg LN="PT" GR="UserAgreement">
		<Id>Disagree</Id>
		<Val>Não, não quero transferir dados sobre a impressora</Val>
	</Msg>
	<Msg LN="CP" GR="UserAgreement">
		<Id>Disagree</Id>
		<Val>不，我不愿意发送打印机信息</Val>
	</Msg>
	<Msg LN="CT" GR="UserAgreement">
		<Id>Disagree</Id>
		<Val>不，我不願意發送印表機資訊</Val>
	</Msg>
	<Msg LN="EL" GR="UserAgreement">
		<Id>Disagree</Id>
		<Val>Όχι, δεν επιθυμώ να μεταφέρω πληροφορίες εκτυπωτή</Val>
	</Msg>
	<Msg LN="HB" GR="UserAgreement">
		<Id>Disagree</Id>
		<Val>לא, אינני מעוניין להעביר מידע אודות המדפסת</Val>
	</Msg>
	<Msg LN="RU" GR="UserAgreement">
		<Id>Disagree</Id>
		<Val>Нет, я не хочу передавать такие данные</Val>
	</Msg>
	<Msg LN="TK" GR="UserAgreement">
		<Id>Disagree</Id>
		<Val>Hayır, yazıcı bilgilerinin gönderilmesini istemiyorum</Val>
	</Msg>
	<Msg LN="EN" GR="UserAgreement">
		<Id>UserAgreement</Id>
		<Val>User Agreement</Val>
	</Msg>
	<Msg LN="KR" GR="UserAgreement">
		<Id>UserAgreement</Id>
		<Val>사용자 동의</Val>
	</Msg>
	<Msg LN="DN" GR="UserAgreement">
		<Id>UserAgreement</Id>
		<Val>Brugeraftale</Val>
	</Msg>
	<Msg LN="DT" GR="UserAgreement">
		<Id>UserAgreement</Id>
		<Val>Gebruikersovereenkomst</Val>
	</Msg>
	<Msg LN="FI" GR="UserAgreement">
		<Id>UserAgreement</Id>
		<Val>Käyttösopimus</Val>
	</Msg>
	<Msg LN="FN" GR="UserAgreement">
		<Id>UserAgreement</Id>
		<Val>Contrat de licence utilisateur</Val>
	</Msg>
	<Msg LN="GR" GR="UserAgreement">
		<Id>UserAgreement</Id>
		<Val>Nutzungsvereinbarung</Val>
	</Msg>
	<Msg LN="IT" GR="UserAgreement">
		<Id>UserAgreement</Id>
		<Val>Contratto utente</Val>
	</Msg>
	<Msg LN="NR" GR="UserAgreement">
		<Id>UserAgreement</Id>
		<Val>Brukeravtale</Val>
	</Msg>
	<Msg LN="SP" GR="UserAgreement">
		<Id>UserAgreement</Id>
		<Val>Acuerdo de usuario</Val>
	</Msg>
	<Msg LN="SW" GR="UserAgreement">
		<Id>UserAgreement</Id>
		<Val>Användaravtal</Val>
	</Msg>
	<Msg LN="CZ" GR="UserAgreement">
		<Id>UserAgreement</Id>
		<Val>Smlouva s uživatelem</Val>
	</Msg>
	<Msg LN="HU" GR="UserAgreement">
		<Id>UserAgreement</Id>
		<Val>Felhasználói megállapodás</Val>
	</Msg>
	<Msg LN="PO" GR="UserAgreement">
		<Id>UserAgreement</Id>
		<Val>Umowa licencyjna</Val>
	</Msg>
	<Msg LN="AB" GR="UserAgreement">
		<Id>UserAgreement</Id>
		<Val>اتفاقية المستخدم</Val>
	</Msg>
	<Msg LN="BP" GR="UserAgreement">
		<Id>UserAgreement</Id>
		<Val>Aceitação do usuário</Val>
	</Msg>
	<Msg LN="PT" GR="UserAgreement">
		<Id>UserAgreement</Id>
		<Val>Permissão do Utilizador</Val>
	</Msg>
	<Msg LN="CP" GR="UserAgreement">
		<Id>UserAgreement</Id>
		<Val>用户协议</Val>
	</Msg>
	<Msg LN="CT" GR="UserAgreement">
		<Id>UserAgreement</Id>
		<Val>使用者合約</Val>
	</Msg>
	<Msg LN="EL" GR="UserAgreement">
		<Id>UserAgreement</Id>
		<Val>Συμφωνία χρήστη</Val>
	</Msg>
	<Msg LN="HB" GR="UserAgreement">
		<Id>UserAgreement</Id>
		<Val>הסכם משתמש</Val>
	</Msg>
	<Msg LN="RU" GR="UserAgreement">
		<Id>UserAgreement</Id>
		<Val>Пользовательское соглашение</Val>
	</Msg>
	<Msg LN="TK" GR="UserAgreement">
		<Id>UserAgreement</Id>
		<Val>Kullanıcı Sözleşmesi</Val>
	</Msg>
	<Msg LN="EN" GR="UserAgreement">
		<Id>LearnMoreURL</Id>
		<Val>http://www.samsungsetup.com/ts/agreements/en/</Val>
	</Msg>
	<Msg LN="KR" GR="UserAgreement">
		<Id>LearnMoreURL</Id>
		<Val>http://www.samsungsetup.com/ts/agreements/kr/</Val>
	</Msg>
	<Msg LN="DN" GR="UserAgreement">
		<Id>LearnMoreURL</Id>
		<Val>http://www.samsungsetup.com/ts/agreements/dn/</Val>
	</Msg>
	<Msg LN="DT" GR="UserAgreement">
		<Id>LearnMoreURL</Id>
		<Val>http://www.samsungsetup.com/ts/agreements/dt/</Val>
	</Msg>
	<Msg LN="FI" GR="UserAgreement">
		<Id>LearnMoreURL</Id>
		<Val>http://www.samsungsetup.com/ts/agreements/fi/</Val>
	</Msg>
	<Msg LN="FN" GR="UserAgreement">
		<Id>LearnMoreURL</Id>
		<Val>http://www.samsungsetup.com/ts/agreements/fn/</Val>
	</Msg>
	<Msg LN="GR" GR="UserAgreement">
		<Id>LearnMoreURL</Id>
		<Val>http://www.samsungsetup.com/ts/agreements/gr/</Val>
	</Msg>
	<Msg LN="IT" GR="UserAgreement">
		<Id>LearnMoreURL</Id>
		<Val>http://www.samsungsetup.com/ts/agreements/it/</Val>
	</Msg>
	<Msg LN="NR" GR="UserAgreement">
		<Id>LearnMoreURL</Id>
		<Val>http://www.samsungsetup.com/ts/agreements/nr/</Val>
	</Msg>
	<Msg LN="SP" GR="UserAgreement">
		<Id>LearnMoreURL</Id>
		<Val>http://www.samsungsetup.com/ts/agreements/sp/</Val>
	</Msg>
	<Msg LN="SW" GR="UserAgreement">
		<Id>LearnMoreURL</Id>
		<Val>http://www.samsungsetup.com/ts/agreements/sw/</Val>
	</Msg>
	<Msg LN="CZ" GR="UserAgreement">
		<Id>LearnMoreURL</Id>
		<Val>http://www.samsungsetup.com/ts/agreements/cz/</Val>
	</Msg>
	<Msg LN="HU" GR="UserAgreement">
		<Id>LearnMoreURL</Id>
		<Val>http://www.samsungsetup.com/ts/agreements/hu/</Val>
	</Msg>
	<Msg LN="PO" GR="UserAgreement">
		<Id>LearnMoreURL</Id>
		<Val>http://www.samsungsetup.com/ts/agreements/po/</Val>
	</Msg>
	<Msg LN="AB" GR="UserAgreement">
		<Id>LearnMoreURL</Id>
		<Val>http://www.samsungsetup.com/ts/agreements/ab/</Val>
	</Msg>
	<Msg LN="BP" GR="UserAgreement">
		<Id>LearnMoreURL</Id>
		<Val>http://www.samsungsetup.com/ts/agreements/bp/</Val>
	</Msg>
	<Msg LN="PT" GR="UserAgreement">
		<Id>LearnMoreURL</Id>
		<Val>http://www.samsungsetup.com/ts/agreements/pt/</Val>
	</Msg>
	<Msg LN="CP" GR="UserAgreement">
		<Id>LearnMoreURL</Id>
		<Val>http://www.samsungsetup.com/ts/agreements/cp/</Val>
	</Msg>
	<Msg LN="CT" GR="UserAgreement">
		<Id>LearnMoreURL</Id>
		<Val>http://www.samsungsetup.com/ts/agreements/ct/</Val>
	</Msg>
	<Msg LN="EL" GR="UserAgreement">
		<Id>LearnMoreURL</Id>
		<Val>http://www.samsungsetup.com/ts/agreements/el/</Val>
	</Msg>
	<Msg LN="HB" GR="UserAgreement">
		<Id>LearnMoreURL</Id>
		<Val>http://www.samsungsetup.com/ts/agreements/hb/</Val>
	</Msg>
	<Msg LN="RU" GR="UserAgreement">
		<Id>LearnMoreURL</Id>
		<Val>http://www.samsungsetup.com/ts/agreements/ru/</Val>
	</Msg>
	<Msg LN="TK" GR="UserAgreement">
		<Id>LearnMoreURL</Id>
		<Val>http://www.samsungsetup.com/ts/agreements/tk/</Val>
	</Msg>
</Translation>