<?xml version="1.0" encoding="UTF-8"?>
<StatusMonitorInfo>
<HTML>
	<Default>
		<Error>
			<DefaultPage>basic/troubleshooting.htm</DefaultPage>
			<DefaultPage>troubleshooting.htm</DefaultPage>
			<DefaultPage>index.htm</DefaultPage>
			<DefaultPage>start_here.htm</DefaultPage>
		</Error>
		<Warning>
			<DefaultPage>basic/troubleshooting.htm</DefaultPage>
			<DefaultPage>troubleshooting.htm</DefaultPage>
			<DefaultPage>index.htm</DefaultPage>
			<DefaultPage>start_here.htm</DefaultPage>
		</Warning>
		<Info>
			<DefaultPage>index.htm</DefaultPage>
			<DefaultPage>start_here.htm</DefaultPage>
			<DefaultPage>basic/troubleshooting.htm</DefaultPage>
			<DefaultPage>troubleshooting.htm</DefaultPage>
		</Info>
	</Default>

	<UsbCableOff>
		<help>troubleshooting.htm#offline</help>
	</UsbCableOff>
	<NetworkCableOff>
		<help>troubleshooting.htm#offline</help>
	</NetworkCableOff>
	<NotSupportedPort>
		<help>start_here.htm</help>
	</NotSupportedPort>
	<SM_NONDEFINED_ERROR_SHORT>
		<help>start_here.htm</help>
	</SM_NONDEFINED_ERROR_SHORT>
	<SM_JOB_COMPLETE>
		<help>start_here.htm</help>
	</SM_JOB_COMPLETE>
	<SM_JOB_SAVED>
		<help>start_here.htm</help>
	</SM_JOB_SAVED>
	<PrinterIsBusy>
		<help>start_here.htm</help>
	</PrinterIsBusy>
	<Preparing>
		<help>start_here.htm</help>
	</Preparing>
	<SpoolerOffline>
		<help>start_here.htm</help>
	</SpoolerOffline>
	<Spooling>
		<help>start_here.htm</help>
	</Spooling>
	<PrintingInProgress>
		<help>start_here.htm</help>
	</PrintingInProgress>
	<MismatchedPrinter>
		<help>start_here.htm</help>
	</MismatchedPrinter>
	<Ready>
		<help>start_here.htm</help>
	</Ready>
	<PowerSave>
		<help>start_here.htm</help>
	</PowerSave>
	<Printing>
		<help>start_here.htm</help>
	</Printing>
	<Warmingup>
		<help>start_here.htm</help>
	</Warmingup>
	<Recovery>
		<help>start_here.htm</help>
	</Recovery>
	<RecoveryTemperature>
		<help>start_here.htm</help>
	</RecoveryTemperature>
	<RecoveryLSU>
		<help>start_here.htm</help>
	</RecoveryLSU>
	<CleaningOPC>
		<help>start_here.htm</help>
	</CleaningOPC>
	<FirstPaperEmpty>
		<help>media_and_tray.htm#tray</help>
	</FirstPaperEmpty>
	<ManualEmpty>
		<help>media_and_tray.htm#mp</help>
	</ManualEmpty>
	<ManualLoad>
		<help>media_and_tray.htm#mp</help>
	</ManualLoad>
	<PaperJam0Tray1>
		<help>troubleshooting.htm#jamtray1</help>
	</PaperJam0Tray1>
	<PaperJam1>
		<help>troubleshooting.htm#jaminside</help>
	</PaperJam1>
	<PaperJam2>
		<help>troubleshooting.htm#jamexitarea</help>
	</PaperJam2>
	<ThermistorOpenError>
		<help>troubleshooting.htm#otherproblems</help>
	</ThermistorOpenError>
	<FuserHighError>
		<help>troubleshooting.htm#otherproblems</help>
	</FuserHighError>
	<FuserLowError>
		<help>troubleshooting.htm#otherproblems</help>
	</FuserLowError>
	<FuserOpenError>
		<help>troubleshooting.htm#otherproblems</help>
	</FuserOpenError>
	<LSUError>
		<help>troubleshooting.htm#otherproblems</help>
	</LSUError>
	<LSUHsyncError>
		<help>troubleshooting.htm#otherproblems</help>
	</LSUHsyncError>
	<LSUMotorError>
		<help>troubleshooting.htm#otherproblems</help>
	</LSUMotorError>
	<TonerKitNotInstK>
		<help>supplies_and_accessories.htm#replacetoner</help>
		<animation>replace_toner.htm</animation>		
	</TonerKitNotInstK>
	<InvalidTonerKitK>
		<help>supplies_and_accessories.htm#replacetoner</help>
	</InvalidTonerKitK>
	<TonerExhausterReplaceToner>
		<help>supplies_and_accessories.htm#replacetoner</help>
	</TonerExhausterReplaceToner>
	<NonGenuineTonerReplaceToner>
		<help>supplies_and_accessories.htm#replacetoner</help>
	</NonGenuineTonerReplaceToner>
	<TonerEmptyReplaceToner>
		<help>supplies_and_accessories.htm#replacetoner</help>
	</TonerEmptyReplaceToner>
	<TonerExhaustedReplaceToner>
		<help>supplies_and_accessories.htm#replacetoner</help>
	</TonerExhaustedReplaceToner>
	<TonerReplace>
		<help>supplies_and_accessories.htm#replacetoner</help>
	</TonerReplace>
	<OutbinFull>
		<help>troubleshooting.htm#otherproblems</help>
	</OutbinFull>
	<TonerLow>
		<help>supplies_and_accessories.htm#replacetoner</help>
	</TonerLow>
	<MotorError>
		<help>troubleshooting.htm#otherproblems</help>
	</MotorError>
	<CoverOpen>
		<help>troubleshooting.htm#otherproblems</help>
	</CoverOpen>
	<IPConflict>
		<help>troubleshooting.htm#otherproblems</help>
	</IPConflict>
	<BOOTPAutoIPEnabled>
		<help>troubleshooting.htm#otherproblems</help>
	</BOOTPAutoIPEnabled>
	<BOOTPAutoIPDisabled>
		<help>troubleshooting.htm#otherproblems</help>
	</BOOTPAutoIPDisabled>
	<DHCPAutoIPEnabled>
		<help>troubleshooting.htm#otherproblems</help>
	</DHCPAutoIPEnabled>
	<DHCPAutoIPDisabled>
		<help>troubleshooting.htm#otherproblems</help>
	</DHCPAutoIPDisabled>
</HTML>
</StatusMonitorInfo>